-0.41,0.1,-1
0.43,-0.43,-1
-0.36,0.59,1
0.17,-0.93,1
0.08,-0.08,1
0.6,0.53,1
-0.96,0.83,1
-0.74,-0.46,1
-0.64,0.8,-1
0.31,-0.81,1
-0.96,-0.57,-1
-0.95,-0.21,1
0.51,-0.84,1
0.37,0.09,1
0.05,-0.65,1
-0.68,0.63,1
-0.5,-0.09,1
-0.69,0.48,1
0.24,-0.06,1
-0.67,-0.62,-1
0.99,0.45,-1
-0.61,-0.06,1
0.11,-0.59,1
0.29,0.01,1
0.99,0.17,1
0.51,-0.07,1
-0.61,0.64,1
0.18,0.21,1
0.21,-0.38,-1
-0.09,0.6,1
0.48,0.1,1
0.25,-0.49,1
-0.22,0.85,-1
0.1,0.65,1
-0.57,-0.67,1
-0.3,-0.5,1
0.32,0.73,-1
0.6,0.96,-1
0.79,0.17,1
0.76,0.67,-1
-0.2,0.29,-1
0.32,0.59,1
-0.49,0.04,1
-0.2,0.3,-1
0.98,0.31,1
1,-0.63,-1
0.12,-0.17,1
0.88,-0.9,1
-0.08,-0.42,1
-0.31,0.37,1
-1,0.62,1
-0.3,0.09,1
-0.39,0.95,-1
0.58,0.49,1
-0.58,-0.48,1
0.33,0.43,1
0.39,0.12,1
0.55,-0.65,1
0.09,-0.85,1
0.09,-0.46,1
-0.73,-0.74,1
0.7,0.55,1
0.69,-0.76,1
0.47,0.44,1
-0.37,-0.96,1
-0.15,-0.35,-1
-0.1,0.19,1
0.91,1,1
0.48,0.98,-1
-0.5,0.49,1
0.68,-0.26,1
0.67,0.3,-1
-0.89,-0.2,1
0.31,-0.98,1
-0.85,0.82,1
0.61,0.42,-1
0.27,0.51,-1
-0.75,-0.08,-1
-0.35,0.19,1
0.48,0.38,-1
0.3,-0.82,-1
0.15,0.04,1
-0.24,-0.12,-1
-1,0.45,1
-0.68,-0.54,1
-0.12,0.97,1
0.04,-0.51,1
0.1,-0.3,-1
0.94,0.84,1
0.24,0.93,-1
-0.08,0.07,1
-0.63,0.11,1
-0.43,0.79,-1
-0.41,-0.26,1
-0.78,0.41,1
0.09,-0.98,1
-0.85,0.11,1
0.58,0.87,1
-0.99,-0.01,1
-0.83,0.01,1
-0.03,0.53,1
0.94,-0.33,1
0.22,0.55,1
0.87,0.91,1
0.66,-0.89,1
0.65,0.05,1
-0.45,0.15,-1
0.63,1,1
0.43,0.39,1
0.88,-0.26,1
-0.98,-0.16,1
0.83,0.91,1
-0.28,-0.48,1
0.56,0.27,-1
-0.75,0.3,1
-0.85,0.77,1
-0.44,0.21,-1
0.55,-0.16,1
0.69,-0.44,-1
-0.18,0.09,1
-0.33,-0.33,-1
0.28,-0.06,1
-0.58,-0.82,1
0.71,-0.7,-1
0.04,-0.84,1
-0.39,-0.17,1
0.26,0.6,1
-0.01,-0.36,1
0.23,-0.53,1
0.67,-0.34,1
0.64,-0.07,1
-0.94,0.15,1
0.65,-0.43,1
-0.43,-0.51,1
-0.24,-0.65,-1
-0.14,-0.72,-1
0.85,-0.78,-1
0.23,-0.47,-1
-0.85,-0.03,1
0.62,0.07,1
0.85,-0.02,1
-0.75,0.56,-1
-0.24,-0.41,1
-0.78,0.87,1
-0.26,0.27,1
-0.69,-0.87,1
0.47,0.97,1
0.58,0.47,1
-0.84,0.57,1
0.06,-0.77,1
-0.46,-0.86,1
-0.78,0.57,-1
0.22,0.77,-1
0.18,-0.44,1
0.17,0.95,1
-0.29,0.94,1
-0.3,-0.51,1
-0.58,-0.16,-1
-0.38,-0.69,1
0.82,-0.22,-1
0.95,-0.05,1
0.68,-0.29,1
-0.38,0.65,1
-0.7,0.73,-1
-0.21,0.19,1
0.54,-0.62,-1
-0.71,0.06,1
0.06,-0.05,1
0.09,0.33,-1
0.19,-0.36,1
0.39,-0.27,-1
0.02,0.03,-1
-0.69,-0.9,-1
-0.28,0.66,1
0.59,0.07,1
-0.86,-0.62,-1
0.06,0.28,1
0.39,0.17,-1
-0.7,-0.56,1
0.38,-0.65,-1
-0.34,0.89,1
0.08,0.44,1
-0.81,-0.62,-1
0.38,0.4,-1
0.15,-0.4,-1
0.65,0.42,1
0.12,0.54,1
0.3,-0.62,-1
0.13,-0.71,1
0.56,0.75,1
0.18,-0.98,1
-0.79,0.85,1
-0.08,0.9,1
0.11,1,1
0.93,-0.63,1
0.98,0.36,-1
1,-0.17,1
0.76,0.62,-1
0.43,-0.88,-1
-0.37,-0.07,-1
-0.15,0.03,1
-0.18,0.43,1
0.48,0.15,1
0.19,0.49,-1
0.88,0.02,-1
-0.43,0.33,1
0.41,0.56,1
-0.22,0.44,1
-0.3,0.64,1
0.88,0.46,1
-0.21,0.52,-1
-0.3,0.31,1
-0.19,0.09,1
-0.12,-0.2,1
0.94,-0.54,-1
-0.21,-0.62,1
-0.3,0.08,-1
-0.97,0.33,-1
0.87,-0.8,-1
-0.86,-0.2,1
-0.99,0.9,-1
0.89,-0.99,1
0.37,-0.34,1
-0.88,-0.3,1
-0.33,-0.94,1
-0.58,-0.77,1
0.53,-0.59,-1
0.87,-0.58,1
-0.09,0.65,1
-0.6,-0.55,-1
-0.95,-0.67,-1
0.03,0.27,-1
0.87,0.44,1
0.73,-0.36,1
-0.47,0.16,-1
-0.41,0.94,1
0.02,-0.89,1
0.74,0.82,1
0.12,-0.83,1
0.01,-0.64,1
-0.5,0.75,-1
0.57,-0.81,-1
0.17,-0.31,1
-0.94,0.7,1
0.94,-0.1,1
0.27,-0.02,-1
0.31,-0.56,1
0.67,-0.87,1
-0.63,0.38,1
0.21,0.45,-1
0.4,-0.16,-1
0.94,0.34,1
0.11,-0.87,1
-0.07,-0.85,1
0.08,0.6,1
0.94,0.97,1
-0.22,-0.6,1
0.24,-0.86,1
0.83,0.01,1
0.02,-0.22,1
-0.62,0.67,1
0.84,0.43,1
-0.62,0.74,1
0.04,0.2,1
-0.37,0.22,-1
-0.41,-0.17,-1
-0.97,-0.21,1
-0.76,-0.67,1
-0.69,-0.38,-1
0.76,0.75,-1
-0.12,0.22,1
-0.66,0.62,-1
-0.55,0.09,1
-0.48,-0.87,-1
0.33,0.46,1
0.37,-0.67,1
0.52,0.07,1
-0.18,-0.37,-1
0.22,0.28,-1
-0.73,-0.55,1
-0.17,0.77,1
0.01,-0.34,1
0.98,0.88,-1
0.71,0.58,-1
0.19,-0.93,1
-0.56,-0.28,-1
0.17,0.3,-1
0.5,0.27,-1
0.82,0.57,1
-0.47,-0.34,1
0.43,0.11,1
-0.76,-0.28,1
-0.49,0.34,1
-0.75,-0.91,1
-0.66,-0.5,-1
0.01,-0.19,-1
0.57,0.19,-1
-0.01,0.38,-1
0.67,0.92,1
-0.27,0.83,-1
-0.42,0.15,1
0.39,0.76,1
0.18,0.39,-1
-0.57,-0.51,1
0.27,1,1
-0.32,-0.59,1
0.09,-0.2,-1
0.8,0.03,1
0.82,-0.67,-1
0.45,0.29,1
-0.3,-0.27,1
0.46,0.58,1
-0.38,0.64,-1
-0.82,0.5,1
0,0.98,1
0.11,0.81,-1
0.14,-0.21,1
0.46,0.72,1
-0.01,0.27,-1
-0.97,-0.41,1
0.46,-0.36,1
-0.57,-0.51,1
-0.07,-0.12,-1
0.04,0.37,1
-0.13,-0.35,1
0,0.76,-1
0.58,-1,-1
-0.47,0.13,1
0.29,-0.31,1
-0.47,0.37,1
0.79,0.42,1
-0.24,-0.16,1
0.78,1,-1
0.65,-0.13,-1
0.15,-0.66,-1
-0.01,-0.46,-1
-0.72,0.92,1
0.96,0.11,-1
-0.08,-0.99,1
-0.75,-0.37,-1
0.1,-0.95,-1
0.39,-0.06,1
0.12,-0.29,1
0.23,0.01,1
-0.17,0.44,1
0.14,0.35,-1
0.07,0.04,1
-0.39,-0.31,1
-0.18,0.93,1
0.47,0.77,1
-0.07,0.47,1
-0.96,0.47,-1
0.05,-0.93,-1
0.47,0.78,-1
0.47,0.52,1
0.19,-0.64,1
0.41,0.7,1
0.72,0.36,1
0.79,-0.56,1
0.24,0.16,1
-0.17,-0.74,1
0.1,0.41,-1
-0.73,-0.29,1
0.96,-0.7,-1
-0.61,0.08,1
0.27,-0.46,1
0.01,-0.41,1
0.97,0.59,-1
0.15,-0.23,-1
0.1,0.38,-1
1,0.23,1
0.38,0.11,-1
-0.41,-0.57,1
0.78,-0.29,1
0.29,-0.45,1
-0.53,0.54,1
0.99,0.55,-1
0.95,-0.7,1
-0.54,-0.64,1
0.59,-0.86,-1
0.72,0.6,1
0.13,-0.17,1
-0.63,-0.94,1
0.25,-0.69,1
1,0.15,1
-0.45,-0.47,1
-0.62,-0.65,-1
-0.48,0.31,-1
0.82,0.51,1
-0.42,0.07,-1
-0.92,0.79,-1
0.77,0.62,1
0.8,-0.61,-1
-0.28,-0.41,-1
-0.45,-0.59,1
0.54,0.01,1
-0.48,-0.69,1
-0.78,0.96,-1
0.51,-0.47,1
0.79,-0.24,1
-0.63,0.45,1
-0.44,-0.53,-1
0.28,0.48,1
-0.25,0.34,-1
-0.38,-0.14,1
-0.62,-0.12,1
-0.64,0.21,-1
0.1,0.61,-1
0.75,0.51,-1
0.86,0.21,-1
-0.26,0.12,1
0.12,-0.11,-1
-0.93,-0.65,1
-0.32,0.88,1
-0.02,-0.37,-1
0.78,0.17,1
-0.54,0.25,-1
-0.35,0.32,1
-0.07,0.78,1
0.24,0.41,1
0.25,0.78,1
-0.99,0.59,1
-0.04,0.31,-1
-0.63,0.85,1
0.26,0.28,-1
0.07,0.58,1
-0.17,0.89,-1
-1,-0.47,1
0.11,-0.25,1
-0.94,-0.22,1
0.32,-0.48,-1
-0.97,0.12,1
0.11,-0.33,1
-0.23,0.68,1
0.81,-0.01,1
0.56,0.33,-1
-0.27,-0.52,1
0.05,0.96,1
-0.97,-0.23,1
-0.22,0.6,-1
-0.95,0.19,1
-0.88,0.33,-1
-0.82,-0.49,1
-0.5,0.84,-1
-0.97,0.94,1
0.15,-0.06,1
-0.89,0.67,-1
0.02,-0.61,1
0.13,-0.7,1
0.6,-0.45,1
-0.04,0.51,1
0.33,-0.95,1
0.33,-0.22,1
0.6,-0.11,-1
-0.04,-0.02,1
-0.01,0.5,-1
0.66,0.51,1
-0.46,0.8,-1
0.71,0.77,1
0.54,0.55,1
0.03,-0.22,-1
-0.41,0.15,1
0.73,0.74,-1
0.94,0.58,1
-0.55,0.81,-1
0.82,-0.78,1
-0.37,0.34,1
0.66,-0.42,-1
-0.89,-0.18,-1
-0.87,-0.33,-1
0.76,-0.71,-1
0.16,-0.38,1
0.2,-0.19,-1
-0.07,0.37,1
-0.23,-0.32,1
-0.33,-0.67,1
0.6,0.12,1
-0.59,0.39,1
-0.33,-0.44,-1
-0.25,-0.93,1
0.07,-0.66,1
-0.64,-0.83,-1
-0.27,0.47,1
0.09,0.03,1
0.37,-0.81,-1
-0.29,0.21,-1
-0.44,0.74,-1
0.08,0.35,1
0.44,-0.03,-1
-0.13,-0.94,-1
0.29,0.93,-1
0.04,0.29,-1
0.48,0.38,-1
0.46,-0.41,-1
0.26,0.05,1
0.73,-0.76,1
0.84,1,-1
1,0.15,1
-0.63,0.41,-1
0.17,-0.29,1
0.3,-0.17,-1
-0.4,-0.11,1
0.08,-0.33,1
0.28,0.19,-1
0.59,0.1,-1
-0.3,0.89,1
-0.09,0.03,-1
0.78,0.76,1
-0.24,0.29,1
0.11,-0.95,1
-0.68,0.88,1
-0.54,-0.14,1
0.55,0,1
-0.68,0.11,1
-0.45,0.69,1
-0.56,-0.75,1
-0.68,-0.59,1
0.69,0.23,-1
0.44,-0.81,1
-0.14,0.4,1
0.42,0.82,1
0.94,1,1
0.14,0.87,1
0.36,0.29,1
0.65,0.09,-1
-0.34,0.43,1
-0.32,-0.1,-1
-0.43,-0.67,1
-0.35,0.85,-1
0.32,0.95,-1
0.9,0.74,-1
-0.41,-0.94,1
-0.52,-0.13,1
0.37,-0.91,1
0.32,-0.88,-1
0.56,0.12,-1
-0.92,-0.56,1
-0.3,-0.01,1
-0.56,-0.86,-1
-0.16,0.28,1
0.53,-0.09,-1
0.61,0.72,1
0.12,0.49,-1
0.83,0.09,1
0.57,-0.32,-1
0.59,0.54,-1
-0.65,-0.49,1
-0.46,0.94,1
0.8,0.94,1
-0.1,0.47,1
-0.42,0.35,-1
-0.16,-0.75,-1
0.5,0.3,-1
-0.75,-0.78,-1
0.13,0.14,-1
0.06,-0.74,1
0.62,-0.51,1
-0.52,-0.36,1
0.86,-0.64,1
0.16,0.96,1
-0.32,0.15,-1
-0.01,-0.57,-1
-0.78,0.22,-1
-0.89,-0.13,1
-1,0.02,1
-0.12,0.76,1
-0.34,-0.53,1
-0.44,0.72,1
0.04,0.74,1
0.93,0.99,-1
-0.7,-0.41,1
-0.47,0.6,1
0.57,0.69,1
0.97,0.69,1
-0.75,-0.06,1
-0.7,0.27,-1
-0.25,0.53,1
-0.08,0.31,1
-0.07,0.75,1
-0.39,0.62,-1
-0.3,-0.03,1
-0.78,-0.71,-1
-0.31,-0.14,1
0.97,0.43,1
0.99,-0.37,1
0.42,-0.44,1
0.09,-0.73,1
-0.82,-0.59,1
-0.54,0.93,1
0.06,0.22,-1
-0.48,0.66,-1
-0.95,0.35,-1
-0.73,0.18,1
0.4,0.01,1
0.97,0.49,-1
0.75,-0.9,-1
-0.56,0.9,-1
0.73,-0.95,1
-0.07,0.2,1
0.14,0.56,1
-0.31,-0.05,-1
0.02,0.1,1
-0.12,-0.15,1
-0.94,0.43,-1
-0.71,0.43,-1
-0.97,-0.43,-1
0.39,0.2,1
0.6,0.69,-1
0.26,-0.97,1
-0.98,0.72,1
-0.42,0.72,-1
0.94,0.35,1
0.39,-0.85,1
0.02,0.2,-1
-0.92,-0.01,-1
0.53,0.85,1
0.24,0.49,1
0.04,-0.5,1
0.34,-0.9,-1
-0.42,0.71,1
-0.79,-0.85,1
0.32,0.6,-1
0.96,0.77,1
-0.69,-0.15,1
0.5,0.7,-1
0.27,0.45,-1
-0.5,-0.22,1
0.35,0.23,-1
-0.06,-0.32,1
0.68,-0.4,1
0.87,-1,1
0.76,0.05,1
0.22,0.64,-1
0.08,-0.09,1
0.63,-0.72,1
-0.96,-0.49,1
0.31,0.4,1
0.84,0.08,1
0.51,0.45,1
0.74,-0.46,-1
-0.43,-0.03,1
-0.88,0.89,1
0.65,0.32,-1
0.52,-0.51,-1
0.08,-0.01,-1
-0.99,0.33,-1
0.51,0.36,-1
-0.03,0.51,-1
-0.92,-0.91,1
0.67,0.59,1
0.27,-0.72,1
0.79,0.4,1
-0.13,0.25,-1
-0.55,0.01,-1
-0.89,-0.99,1
-0.58,-0.2,1
0.63,-0.23,1
-0.12,0.81,1
-0.21,-0.07,1
-0.22,-0.03,-1
-0.21,-0.1,1
-0.69,-0.82,-1
0.2,-0.64,-1
-0.63,-0.74,1
0.77,0.63,-1
0.89,0.14,-1
0.46,0.67,1
0.82,-0.76,1
-0.31,0.75,1
-0.36,-0.84,1
0.48,-0.33,-1
0.95,0.88,1
-0.88,0.81,1
-0.59,0.13,1
0.12,-0.18,1
0.83,0.38,1
-0.89,-0.21,-1
-0.61,-0.75,1
-0.49,0.74,1
-0.88,0.64,-1
-0.19,0.64,1
-0.45,-0.35,1
-0.09,-0.05,1
0.34,1,-1
-0.42,-0.46,-1
0.7,0.57,1
-0.39,-0.31,1
0.67,-0.66,-1
0.03,-0.66,-1
0.01,0.52,1
-0.42,0.93,1
-0.03,-0.82,-1
0.66,0.89,1
0.95,0.36,-1
-0.86,0.22,-1
-0.22,0.95,-1
-0.4,-0.27,1
0.99,0.47,-1
-0.68,-0.03,-1
0.87,-0.83,1
0.23,1,1
0.1,0.54,1
0.65,-0.07,1
-0.03,0.01,1
-0.22,-0.22,-1
0.56,-0.07,-1
-0.1,-1,1
-0.63,-0.96,-1
0.65,0.22,-1
0.26,0.76,-1
0.69,0.22,1
-0.97,-0.54,1
0.68,-0.55,-1
0.89,-0.55,-1
0.09,-0.47,-1
0.05,-0.3,1
0.05,0.81,1
0.34,-0.93,1
0.6,0.6,1
0.81,-0.37,1
0.59,0.85,1
0.17,1,-1
0.04,-0.41,1
0.61,0.01,-1
-0.92,-0.15,1
0.01,-0.35,1
0.05,-0.4,1
-0.18,0.81,-1
0.05,-0.82,1
0.33,-0.37,1
0.01,-0.81,1
-0.78,-0.83,1
0.6,-0.25,1
-0.45,-0.83,1
0.87,0.49,1
0.58,-0.21,1
-0.37,-0.43,1
-0.26,-0.97,-1
0.64,0.07,1
-0.67,0.18,1
0.22,-0.92,1
-0.04,0.66,1
0.55,0.1,-1
-0.04,0.73,1
0.55,0.54,-1
-0.88,-0.03,1
0.78,0.52,1
-0.7,0.86,1
-0.85,0.57,1
-0.13,0.65,1
0.08,-0.48,1
0.46,0.77,1
-0.2,-0.81,-1
-0.59,0.26,-1
0.67,0.25,1
0.86,0.59,1
0.05,-0.64,1
-0.83,-0.62,1
1,0.82,1
-0.71,0.91,1
0,0.58,1
-0.19,0.36,1
-1,-0.74,1
-0.84,-0.62,1
0.41,-0.27,-1
0.43,0.17,1
-0.73,-0.24,-1
0.62,0.87,1
0.63,0.63,1
0.11,-0.03,1
-0.35,-0.82,1
0.26,-0.22,-1
0.3,-0.58,1
-0.95,0.91,1
-0.37,-0.96,1
-0.3,0.23,-1
-0.22,0.39,1
0.67,0.73,1
0.75,0.58,1
0.21,-0.94,1
-0.29,0.89,-1
-0.37,0.35,-1
0.53,-0.51,1
-0.35,0.15,1
0.67,-0.08,-1
-0.3,0.79,1
0.32,0.88,1
0.63,-0.16,1
0.38,-0.22,1
-0.79,-0.29,1
-0.59,-0.72,-1
0.87,-0.7,1
0.32,0.19,1
-0.33,-0.47,1
0.66,-0.06,1
0.32,-0.15,-1
-0.1,-0.55,-1
0.82,0.44,-1
-0.2,0.52,1
0.05,0.24,-1
-0.07,0.87,1
-0.68,0.68,1
0.48,0.61,-1
0.77,-0.57,-1
0.69,-0.94,1
0.37,-0.5,1
0.7,-0.52,1
0.73,-0.28,1
0.83,0.33,1
0.39,0.64,1
0.75,0.95,1
-0.14,0.52,1
0.47,-0.77,1
-0.72,0.71,1
0.33,-0.46,-1
-0.58,-0.13,1
-0.32,-0.63,-1
0.1,0.1,1
0.17,0.03,1
-0.77,0.45,1
-0.2,0.56,1
-0.02,0.72,1
0.64,-0.53,-1
0.56,0.52,1
-0.5,-0.49,-1
0.96,-0.86,-1
-0.11,-0.42,1
0.45,-0.11,-1
-0.58,-0.51,-1
0.49,0.12,1
-0.77,0.06,1
0.05,0.24,1
0.4,0.28,1
0.82,-0.45,1
0.34,-0.1,1
-0.58,-0.33,1
-0.67,0.35,1
-0.37,-0.64,1
0.19,-0.36,1
0.58,0.48,1
-0.42,0.24,1
-0.34,-0.62,1
-0.95,0.53,1
-0.17,-0.36,1
-0.51,-0.97,1
0.16,0.46,-1
0.53,0.39,-1
0.16,-0.49,1
-0.88,-0.64,-1
0.86,-0.24,1
-0.47,0.77,1
0.26,-0.7,-1
-0.77,1,1
-0.03,-0.72,1
-0.78,-0.21,1
-0.72,0.46,1
0.83,-1,1
-0.15,0.36,-1
0.58,0.66,-1
0.98,-0.08,1
-0.04,0.79,1
-0.37,1,1
0.64,0.06,1
-0.1,-0.9,1
-0.17,-0.84,1
-0.59,0.32,-1
-0.37,0.14,-1
-1,-0.38,1
0.88,-0.25,1
0.14,0.31,1
0.7,-0.96,-1
0.69,-0.57,1
-0.15,0.88,1
0.28,-0.7,1
-0.61,-0.28,1
0.53,0.53,1
-0.89,-0.45,-1
-0.84,-0.78,1
-0.47,0.1,1
0.7,0.64,1
0.98,-0.7,-1
0.35,0.38,1
0.63,-0.78,-1
-0.02,-0.6,1
0.28,-0.44,-1
-0.76,0.98,-1
0.18,-0.71,-1
-0.92,-0.92,1
0.75,0.56,1
-0.83,-0.72,1
0.2,0.27,-1
0.46,0.34,1
-0.25,0.79,1
0.77,-0.6,-1
-0.5,-0.64,1
-0.39,0.24,1
0.88,-0.04,1
0.78,-0.96,1
0.84,-0.29,-1
0.98,0.73,1
0.75,0,-1
-0.3,0.24,1
0.83,0.77,-1
0.49,-0.44,1
0.81,-0.74,1
-0.55,-0.46,1
-0.4,-0.1,1
-0.16,-0.07,-1
-0.5,0.12,1
0.54,0.98,1
-0.1,-0.58,1
-0.87,0.38,1
-0.6,-0.06,1
0.87,0.36,1
0.4,-0.38,-1
-0.34,0.3,1
-0.94,-0.56,-1
-0.63,-0.08,-1
0.25,-0.58,1
-0.93,-0.72,-1
0.43,-0.06,-1
-0.88,-0.9,1
0.38,-0.76,1
-0.01,-0.41,1
0.96,-0.84,1
-0.72,0.87,-1
0.1,0.15,1
-0.74,-0.65,1
0.15,0.41,1
-0.77,0.67,-1
0.77,0.25,-1
0.01,-0.56,-1
-0.57,0.71,-1
-0.65,0,1
-0.5,-0.59,1
-0.95,0.75,1
0.44,0.55,1
-0.23,0.95,1
0.4,-0.13,1
0.39,-0.27,1
0.53,-0.49,-1
-0.49,-0.2,-1
-0.69,-0.57,-1
0.75,-0.48,-1
0.55,-0.44,1
-0.85,0.52,1
0.8,0.72,1
0.51,-0.63,-1
-1,0.98,1
0.35,0.58,1
0.2,-0.42,1
0.9,-0.28,1
-0.02,-0.43,1
-0.65,-0.76,1
0.38,0.13,1
0.12,0,1
0.12,0.84,-1
0.42,0.5,1
-0.34,-0.29,1
0.67,0.71,1
-0.55,0.33,1
0.81,-0.44,1
-0.54,0.14,-1
0.13,0.34,1
-0.14,-0.84,1
-0.88,0.43,1
0.94,-0.99,-1
-0.97,0.14,-1
0.24,-0.82,1
-0.22,0.92,1
-0.16,-0.14,1
-0.95,-0.76,1
-0.29,0.86,1
0.49,0.26,1
0.36,0.49,1
-0.42,-0.44,1
-0.96,-0.4,1
-0.96,-0.7,-1
0.67,-0.23,-1
0.2,-0.71,1
0.22,-0.17,1
0.1,-0.22,1
-0.5,0.89,1
-0.61,-0.11,-1
0.95,0.38,1
-0.1,0.35,1
0.92,-0.21,1
-0.26,0.89,1
-0.19,-0.55,1
-0.68,0.97,1
-0.38,-0.9,1
-0.06,0.75,-1
0.13,0.77,1
0.8,-0.6,1
-0.43,-0.76,1
-0.83,0.08,1
-0.52,-0.24,-1
-0.27,-0.84,-1
-0.71,-0.64,-1
-0.5,0.56,1
0.54,-0.02,1
0.99,0.85,1
0.19,0.9,1
-0.48,-0.63,-1
-0.92,0.51,-1
0.77,0.91,-1
-0.6,0.1,-1
0.94,-0.25,1
-0.1,0.27,-1
-0.49,-0.1,1
0.01,0.51,1
0.24,0.05,1
0.34,0.69,-1
0.2,0.53,1
-0.87,-0.87,-1
0.77,0.94,1
-0.69,-0.77,-1
0.74,-0.2,-1
-0.69,0.75,-1
0.17,0.45,1
-0.22,-0.1,1
0.94,0.8,1
-0.04,-0.71,-1
-0.79,-0.68,1
0.64,0.62,1
0.07,-0.67,1
0.87,-0.27,-1
0.48,0.92,1
-0.54,-0.42,1
0.81,-0.62,1
-0.25,-0.15,-1
-0.49,-0.94,-1
-0.89,0.06,-1
-0.2,0.15,1
0.82,0.62,-1
-0.62,0.86,1
0.48,-0.26,1
-0.42,0.14,1
-0.14,0.42,-1
-0.99,-0.98,1
0.53,0.6,1
-0.14,-0.93,-1
0.06,0.87,1
0.28,-0.63,1
0.41,-0.58,-1
-0.1,0.85,1
-0.09,-0.56,-1
-0.07,-0.13,-1
0.04,0.26,1
-0.65,-0.25,1
0.74,0.98,1
-0.72,0.16,1
-0.48,0.12,1
0.37,0.44,-1
-0.5,0.21,1
-0.05,-0.77,-1
-0.61,-0.42,1
-0.49,0.75,1
-0.66,-0.84,1
0.89,0.4,1
-0.18,0.81,1
-0.89,-0.3,-1
-0.63,-0.28,-1
-0.07,-0.57,1
-0.06,-0.88,1
-0.21,0.69,-1
-0.61,-0.37,-1
0.38,-0.44,1
-0.83,0.17,1
0.79,-0.16,-1
0.75,0.34,1
-0.12,-0.5,-1
-0.4,-0.26,1
0.11,0.19,-1
-0.85,-0.36,1
0.97,-0.78,1
-0.48,-0.34,1
-0.22,0.39,-1
0.22,0.88,-1
0.45,0.49,1
-0.67,0.82,1
-0.42,0.88,1
0.74,0.85,1
0.39,-0.26,-1
0.68,-0.48,1
0.5,0.5,1
-0.74,-0.22,1
-0.53,1,-1
-0.54,0.21,1
0.28,-0.47,1
-0.49,0.19,1
0.27,-0.02,-1
0.54,-0.48,-1
0.91,0.36,-1
-0.7,0.97,1
0.22,0.15,1
-0.91,0.54,1
-0.25,-0.69,-1
0.98,-0.59,1
0.12,0.46,1
0.52,0.75,1
-0.35,-0.76,1
0.76,0.91,1
-0.81,-0.41,1
0.43,0.12,1
-0.04,-0.55,1
-0.53,0.53,1
-0.95,0.35,-1
0.06,0.86,1
-0.25,0.67,1
0.05,0.19,-1
-0.87,0.66,-1
0.31,-0.69,-1
0.48,-0.12,1
0.41,-0.86,1
0.52,0.85,1
0.56,0.2,1
0.19,0.35,1
-0.89,0.23,1
-0.42,-0.19,1
0.81,-0.9,1
0.37,-0.86,-1
-0.8,0.99,1
0.21,0.3,-1
0.63,0.71,1
0.78,0.57,-1
0.54,-0.46,1
-0.38,0.48,-1
-0.04,-0.57,-1
-0.63,0.31,-1
0.37,0.15,1
0.11,0.51,-1
-0.36,-0.61,-1
0.23,-0.41,-1
0.85,0.62,-1
-0.89,0.44,-1
-0.27,0.08,1
-0.22,-0.6,-1
-0.13,0.17,1
0.22,0.79,1
-0.07,0.85,1
-0.48,-0.71,-1
-0.03,-0.75,-1
-0.3,0.37,1
-0.31,-0.15,-1
0.34,-0.85,1
0.22,-0.86,1
0.69,0.38,1
0.05,0.98,1
0.06,0.11,1
0.62,0.46,-1
0.86,-0.02,1
-0.49,0.69,1
0.91,-0.4,1
0.2,0.7,-1
0,0.14,1
0.75,-0.29,-1
0.79,0.09,1
0.38,-0.53,1
0.03,0.54,-1
-0.57,-0.46,1
0.84,0.25,1
-0.25,0.13,1
0.2,-0.44,1
0.88,-0.25,-1
-0.08,-0.48,1
-0.17,-0.83,-1
0.37,-0.37,-1
0.07,0.06,-1
-0.54,0.58,1
-0.66,0.64,-1
0.96,0.56,-1
-0.67,0.78,1
0.32,0.84,-1
0.42,-0.66,-1
-0.33,-0.15,1
0.19,0.73,1
0.23,-0.76,1
0.69,-0.44,1
-0.57,0.06,1
-0.38,-0.28,1
-0.88,-0.62,-1
0.66,0.59,-1
0.29,-0.93,1
-0.02,0.77,-1
-0.9,0.86,1
-0.58,-0.54,1
-0.52,-0.7,1
-0.02,0.71,1
-0.79,0.54,1
0.48,-0.9,1
0.99,-0.25,-1
-0.01,-0.55,1
-0.99,-0.43,1
0.11,0.19,1
0.45,0.78,1
-0.98,-0.75,1
-0.92,-0.54,-1
0.45,0.89,1
-0.2,0.49,1
0.11,0.45,1
-0.8,0.52,1
0.83,-0.68,1
0.27,0.41,1
0.86,0.5,-1
-1,0.25,1
-0.19,-0.79,1
0.9,0.52,-1
0.23,-0.04,-1
0.91,-0.42,1
0.72,-0.36,1
0.48,0.37,1
0.81,-0.02,-1
0.62,-0.13,1
0.51,-0.84,1
-0.62,-0.87,-1
0.43,-0.01,1
-0.25,-0.85,1
-0.11,-0.71,-1
-0.33,0.91,1
0.57,-0.05,1
0.67,0.4,1
0.2,0.91,1
-0.87,0.79,-1
0.58,0.33,1
-0.49,-0.35,-1
0.56,0.66,1
0.26,-0.74,1
0,0.04,1
0.25,0.09,-1
0.48,0.69,-1
0.08,0.39,-1
0.68,0.98,-1
0.27,0.17,-1
0.41,0.38,-1
-0.49,-0.8,1
-0.52,-0.08,-1
0.98,-0.6,1
0.91,0.29,-1
0.6,-0.16,1
0.39,0.59,-1
-0.61,-0.8,-1
0.6,0.18,1
-0.92,0.04,1
0.95,-0.27,-1
-0.91,-0.9,1
-0.44,0.14,1
0.18,-0.65,1
-0.59,-0.08,1
0.73,-0.86,1
-0.7,-0.48,-1
-0.34,-0.88,-1
0.81,-0.06,1
-0.75,0.66,-1
0.02,-0.14,1
-0.65,0.03,-1
0.6,-0.09,1
0.04,0.81,-1
-0.79,0.07,1
0.57,0.2,1
0.82,0.21,1
0.35,-0.68,1
-0.31,-0.16,1
0.68,-0.4,-1
0.68,-0.48,1
0.36,0.54,1
-0.57,0.27,-1
0.91,-0.42,1
0.59,0.06,1
0.64,-0.29,-1
0.49,-0.86,-1
0.89,0.32,1
-0.4,-0.67,-1
0.41,0.83,1
-0.23,0.9,1
-0.18,0.11,1
-0.97,0.88,-1
0.87,-0.68,-1
0.8,-0.23,1
-0.66,-0.99,-1
-0.43,0.46,-1
0.84,0.39,1
0.77,-0.78,1
0.88,0.1,1
0.56,0.93,1
0.1,-0.66,1
0.53,-0.44,1
0.37,0.18,1
0.28,0.97,1
0.07,1,-1
-0.48,-0.2,-1
-0.74,0.64,-1
0.77,-0.3,1
0.65,0.4,-1
-0.91,0.61,-1
-0.61,-0.16,1
0.53,0.72,1
0.08,0.01,-1
0.52,-0.22,1
-0.31,-0.5,1
0.39,0.03,1
-0.13,0.14,1
0.03,0.99,1
-0.12,-0.92,1
0.27,-0.54,-1
0.05,-0.34,1
-0.08,0.02,1
-0.24,-0.02,1
0.65,0.53,-1
-0.68,-0.05,1
-0.59,-0.66,1
0.7,0.17,1
0.18,0.2,-1
0.08,-0.68,1
0.65,-0.21,1
0.8,-0.3,-1
-0.1,0.19,1
0.5,-0.77,1
0.64,-0.95,1
0.27,0.84,1
-0.64,0.29,1
-0.12,0.27,1
-0.96,-0.31,-1
-0.42,-0.01,1
0.33,0.6,-1
-0.53,0.81,-1
-0.52,-0.25,1
0.86,-0.55,-1
0.58,0.12,1
-0.95,0.55,-1
-0.79,-0.81,1
-0.21,-0.8,1
-0.95,-0.94,1
-0.35,-0.92,1
0.66,-0.45,1
-0.33,-0.69,-1
-0.22,-0.12,-1
0.98,0.65,-1
-0.74,0.24,1
0.48,-0.31,1
0.31,-0.41,1
1,-0.36,-1
0.75,0.55,1
0.81,-0.66,1
0.27,-0.49,1
-0.62,0.36,-1
0.41,-0.72,-1
0.52,0.73,-1
-0.76,-0.36,-1
-0.46,-0.78,1
-0.01,0.74,1
-0.62,0.5,-1
0.41,-0.56,-1
0.93,0.57,1
1,-0.56,1
0.84,-0.11,1
-0.8,0.87,1
-0.05,0.15,1
-0.24,-0.04,1
0.9,-0.34,1
-0.4,-0.53,1
-0.89,0.11,1
0.77,-0.38,-1
0.77,0.83,-1
0.54,0.53,-1
-0.32,0.52,-1
-0.48,-0.76,1
0.77,-0.43,1
-0.26,-0.13,1
-0.87,-0.97,1
0.32,0.66,1
-0.34,0.43,1
-0.26,0.55,1
0.15,0.76,1
-0.81,0.81,1
0.21,0,1
-0.43,-0.07,-1
-0.91,0.63,-1
0.31,0.15,-1
-0.61,0.44,1
-0.05,0.7,1
0.13,-0.44,-1
0.62,-0.32,1
0.04,-0.83,-1
-0.79,-0.41,-1
-0.43,-0.13,1
0.73,-0.39,-1
0.17,0.04,1
-0.74,-0.76,1
0.81,-0.14,1
-0.1,-0.27,1
0.17,0.64,1
0.1,-0.35,-1
-0.56,-0.94,1
-0.84,0.21,1
-0.12,0.9,1
-0.63,0.12,1
-0.45,0.97,-1
0.42,0.57,1
-0.52,0.37,1
-0.41,0.4,1
-0.76,0.82,1
0.32,-0.32,-1
0.19,0.48,1
0.84,-0.3,-1
-0.78,-0.18,-1
0.79,-0.43,-1
0.57,0.89,1
0.56,-0.46,-1
-0.38,-0.97,-1
-0.51,-0.23,1
-0.69,0.44,1
-0.36,-0.46,-1
-0.28,-0.24,1
-0.75,0.9,-1
0.81,0.47,1
0.22,-0.59,-1
0.12,-0.26,1
0.05,0.25,1
-0.22,0.58,1
-0.44,-0.83,-1
-0.56,0.57,-1
-0.93,0.91,-1
0.53,0.12,1
0.07,-0.75,1
-0.11,-0.24,-1
-0.99,-0.52,1
0.7,-0.35,-1
-0.12,0.46,1
-0.14,0.12,1
0.59,0.9,-1
-0.43,0.24,-1
0.05,0.7,1
0.84,-0.63,1
0.57,0.06,1
-0.8,0.3,-1
0.43,0.74,1
-0.4,-0.94,-1
-0.97,0.76,1
-0.52,-0.3,-1
0.47,0.46,-1
-0.89,-0.24,1
0.27,0.48,1
0.07,0.44,1
0.61,-1,1
-0.22,0.95,1
0.11,0.63,-1
0.1,-0.82,1
0.08,-0.34,-1
-0.68,0.8,-1
-0.63,-0.67,-1
0.3,-0.4,-1
-0.8,-0.84,-1
-0.81,-0.59,1
0.38,0.01,-1
-0.7,0.78,1
-0.22,-0.54,-1
-0.39,0.28,1
0.59,-0.33,1
0.21,0.38,-1
0.37,0.9,-1
0.15,0.89,1
-0.85,0.43,1
-0.8,0.01,-1
-0.38,-0.96,1
-0.22,-0.24,1
-0.64,-0.47,-1
-0.94,0.46,-1
0.96,-0.35,1
0.13,0.53,-1
0.22,0.37,-1
-0.86,0.74,-1
0.89,1,1
0.98,-0.99,1
0.84,0.99,-1
0.54,0.86,-1
-0.32,-0.74,-1
0.34,-0.93,-1
0.69,-0.56,1
-0.18,-0.54,1
0.46,0.01,-1
0.11,0.87,1
0.02,-0.31,-1
-0.35,-0.04,1
-0.96,0.75,1
-0.39,0.25,1
-0.87,-0.05,1
-0.37,-0.61,-1
-0.84,-0.15,1
0.04,-0.29,-1
0.82,-0.87,-1
-0.31,0.69,-1
0.85,-0.06,-1
-0.8,0.7,1
0.44,0.7,1
0.81,1,-1
-0.57,-0.69,-1
0.51,0.53,1
0.2,-0.5,1
0.55,-1,-1
-0.69,0.2,1
-0.85,-0.85,1
-0.54,0.84,1
0.86,-0.61,1
-0.3,0.71,-1
0.8,-0.78,1
0.77,0.72,-1
-0.77,0.39,-1
0.08,-0.44,1
0.97,-0.89,-1
-0.03,-0.31,1
-0.98,0.28,-1
-0.67,0.1,1
0.03,0.64,1
-0.43,-0.25,-1
-0.11,0.18,-1
-0.09,0.91,1
0.16,-0.01,-1
0.94,0,1
-0.62,-0.35,-1
0.1,-0.95,1
0.06,0.25,1
0.37,0.26,-1
-0.19,0.11,-1
-0.63,-0.76,-1
0.85,0.82,1
0.4,0.11,1
0.28,0.69,1
-0.3,0.74,1
-0.79,-0.64,1
-0.99,-0.71,-1
0.69,0.14,1
-0.23,0.41,1
0.84,0.8,1
-0.4,0.21,-1
-0.07,0.3,1
-0.58,0.4,1
-0.37,-0.39,1
-0.1,0.38,1
0.92,-0.62,-1
-0.59,-0.02,1
0.65,0.59,1
0.27,0.85,1
0.36,0.94,1
-0.72,0.72,-1
0.48,-0.96,1
-0.69,-0.65,1
0.16,0.12,-1
-0.94,0.33,1
0.34,-0.3,1
-0.37,0.26,1
-0.69,-0.27,1
-0.24,-0.13,1
0.44,-0.74,-1
-0.59,0.08,-1
-0.83,0.42,1
0.55,-0.98,1
0.63,0.55,1
-0.01,0.14,-1
0.85,-0.92,-1
0.71,0.5,1
0.7,-0.24,1
-0.25,0.29,1
-0.31,-0.75,1
0.47,0.68,1
-0.78,-0.55,1
-0.92,-0.46,1
0.06,-0.83,1
0.8,-0.69,1
0.27,0.48,1
0.05,0.51,-1
-0.15,0.92,1
0.74,-0.67,1
0.62,-0.57,-1
-0.78,0.71,1
0.25,0.56,1
-0.53,-0.73,-1
0.83,0.79,1
-0.21,0.86,-1
0.16,0,-1
0.61,0.51,-1
-0.58,-0.51,-1
0.31,0.79,1
0.99,-0.36,-1
0.7,-0.12,-1
-0.49,0.68,1
0.51,-0.1,1
0.91,0.54,1
-0.45,-0.73,1
-0.28,0.81,-1
0.52,-0.08,1
0.23,0.72,1
0.76,0.66,1
0.99,0.06,1
-0.65,0.27,1
-0.73,-0.75,1
0.72,0.47,-1
-0.68,0.72,-1
-0.33,0.41,1
0.36,0.32,1
-0.22,-0.92,1
-0.8,0.17,1
0.74,-0.22,1
0.91,0.54,-1
-0.71,-0.65,1
-0.21,-0.77,-1
0.77,-0.24,1
0.1,-0.81,1
0.37,0.2,1
-0.91,0.94,-1
0.31,0.58,-1
-0.29,-0.94,1
-0.62,-0.63,1
-0.94,0.34,-1
-0.79,-0.96,-1
0.68,-0.68,1
-1,0.6,1
-0.84,0.76,1
-0.41,0.52,1
0.88,-0.3,1
-0.99,0.09,1
-0.71,0.99,1
-0.82,0.49,1
0.52,0.21,1
0.75,-0.13,1
-0.89,0.11,-1
-0.82,0.01,1
-0.61,-0.1,1
0.95,-0.6,-1
0.65,0.84,1
0.21,0.46,1
-0.35,-0.46,-1
0.26,0.31,-1
0.62,0.29,1
0.61,0.87,1
-0.64,-0.54,1
0.94,0.57,1
0.65,0.65,1
-0.23,0.63,-1
0.41,0.91,1
-0.55,-0.55,1
-0.47,0.44,1
0,-0.81,1
0.37,0.44,1
0.18,0.71,1
0.26,-0.72,1
0.81,0.73,-1
-0.83,-0.05,-1
0.54,-0.64,-1
0.79,-0.57,1
-0.87,-1,1
0.24,-0.99,1
0.03,-0.75,1
-0.67,0.48,-1
-0.74,-0.24,1
1,0.34,1
0.89,0.94,1
-0.69,-0.86,1
0.2,0.18,1
0.92,0.21,1
0.99,-0.92,1
0.02,-0.83,1
-0.67,0.45,1
0.98,-0.38,-1
-0.07,0.77,1
0.47,-0.64,-1
0.81,0.22,1
0.54,0.56,-1
0.07,-0.03,-1
0.34,-0.25,1
0.97,-1,1
-0.61,0.36,1
-0.51,-0.72,-1
0.23,-0.82,-1
0.33,-0.31,1
-0.09,-0.9,1
-0.19,-0.12,1
-0.12,0.45,1
-0.62,-0.77,1
-0.84,0.25,1
0.65,0.62,1
0.45,-0.98,1
0.61,-0.73,1
0.41,-0.33,1
-0.82,-0.03,-1
-0.5,0.87,-1
-0.26,0.61,-1
0.96,-0.24,-1
-0.92,0.12,1
0.11,0.81,-1
-0.37,-0.66,-1
-0.86,-0.51,1
-0.6,-0.83,1
-0.07,0.23,1
-0.91,0.45,1
0.08,-0.5,1
0.96,-0.2,1
0.57,0.52,-1
0.55,-0.98,1
0.84,0.92,-1
0.96,0.98,1
0.99,-0.57,-1
-0.82,0,1
-0.5,0.92,1
-0.72,0.26,1
0.15,0.07,-1
-0.93,0.95,1
-0.71,0.67,-1
0.22,-0.09,1
-0.85,-0.8,-1
-0.08,-0.24,1
0.72,-0.92,1
-0.12,0.83,1
0.23,0.4,1
-0.87,-0.61,1
0.56,-0.6,-1
0.83,0.16,1
-0.4,0.91,-1
-0.46,0.84,1
0.06,-0.64,1
0.78,0.33,1
0.77,0.35,1
0.03,-0.2,-1
-0.56,0.58,1
-0.28,-0.54,-1
-0.73,0.15,-1
0.73,0.16,1
-0.24,0.41,-1
0.5,-0.35,1
-0.47,0.6,-1
-0.19,0.87,-1
-0.39,-0.8,-1
0.3,-1,1
0.04,0.34,1
0.67,0.83,1
0.99,-0.2,-1
-0.9,-0.87,1
-0.07,0.55,-1
0.2,0.85,1
-0.79,-0.77,1
-0.78,0.37,1
0.03,-0.66,1
-0.24,-0.16,1
-0.31,-0.17,1
-0.2,0.72,1
0.35,-0.06,-1
0.98,0.23,1
0.98,-0.03,1
0.89,0.87,-1
-0.61,0.86,-1
-0.15,0.02,-1
-0.15,-0.95,1
-0.02,0.86,1
0.94,-0.47,1
-0.66,-0.44,1
0.48,0.01,1
0.52,0.25,-1
-0.71,-0.04,1
0.16,0.34,1
-0.82,-0.04,1
0.47,0.31,-1
0.91,0,-1
0.13,0.69,1
-0.16,-0.08,1
0.87,0.93,-1
0.12,0.4,-1
-0.21,-0.09,1
-0.08,0.67,-1
0.33,-0.29,1
-0.54,0.91,-1
0.39,-0.38,-1
-0.75,-0.86,1
0.79,0.3,1
0.35,-0.82,-1
-0.66,0.35,1
-0.44,0.71,1
-0.38,-0.73,-1
-0.94,0.14,1
-0.76,0.37,1
0.91,0.48,1
-0.74,0.01,-1
-1,0.07,1
-0.13,-0.77,1
-0.84,0.89,-1
-0.73,-0.43,1
0.79,-0.15,-1
0.47,-0.3,1
-0.86,-0.24,-1
-0.7,0.2,1
-0.68,0.07,-1
-0.01,0.12,1
-0.12,0.79,-1
0.47,-0.88,1
-0.26,0.77,-1
0,0.9,-1
-0.52,-0.66,1
0.77,-0.4,1
0.21,-0.68,-1
0.7,0.6,1
-0.3,0.96,1
0.36,-0.27,1
0.67,0.97,1
-0.91,0.49,1
-0.92,0.1,1
0.39,-0.34,-1
-0.28,0.61,1
0.77,-0.13,1
-0.3,-0.75,-1
-0.95,-0.59,1
-0.35,-0.86,1
-0.77,-0.28,1
0.91,0.96,-1
-0.94,-0.4,1
0.32,0.47,1
-0.98,-0.19,1
0.75,-0.99,1
-0.98,0.54,1
0.62,-0.22,1
-0.77,0.94,1
-0.95,0.64,-1
0.25,-0.14,1
0.99,0.79,1
-0.02,0.52,-1
-0.31,0.79,1
0.4,-0.54,1
0.07,0.66,1
-0.12,0.97,1
-0.55,1,-1
-0.54,0.08,-1
-0.91,-0.78,1
0.09,-0.61,1
0.77,0.16,-1
-0.38,0.28,1
-0.98,0.73,-1
0.2,-0.25,1
0.82,0.79,1
-0.54,0.63,-1
-0.36,-0.73,1
-0.79,-0.1,1
0.76,-0.25,1
0.08,0.72,1
-0.12,-0.3,-1
0.47,0.77,1
0.09,-0.31,1
0.14,0.59,-1
-0.24,0.02,-1
-0.52,0.82,-1
0.06,-0.94,1
-0.92,0.53,1
0.8,-0.36,1
0.7,-0.24,-1
-0.05,0,1
-0.88,0.99,1
-0.03,-0.61,-1
0.67,0.64,-1
0.5,-0.48,1
0.24,0.49,1
-0.31,-0.63,1
-0.98,0.26,-1
-0.61,0.09,1
0.96,-1,1
0.11,-0.28,-1
0.94,0.16,1
0.01,-0.57,-1
-0.17,-0.96,-1
0.66,0.31,-1
0.8,0.02,1
-0.78,0.32,1
0.07,0.72,1
0.53,0.74,1
-1,0.64,1
0.67,0.18,-1
-0.9,-0.84,1
0.69,0.91,1
-0.38,-0.14,-1
-0.47,0.44,1
-0.77,-0.72,1
0.46,-0.64,1
-0.74,-0.08,-1
-0.3,0.07,-1
-0.36,0.63,1
0.87,0.41,-1
0.49,-0.29,1
0.39,-0.77,1
-0.29,0.67,-1
0.01,-0.93,-1
0.38,0.98,1
0.22,-0.65,-1
-0.26,0.74,1
0.79,-0.33,-1
-0.83,-0.74,-1
-0.82,0.76,-1
-0.48,0.94,-1
0.91,0.68,-1
0.41,0.6,1
0.87,-0.27,-1
-0.16,0.85,1
-0.97,0.49,1
-0.2,0.6,1
-0.3,-0.09,1
-0.5,0.11,1
-0.41,0.34,1
0.95,-0.38,1
-0.1,0.44,-1
0.86,0.27,1
-0.22,-0.87,1
0.8,-0.87,-1
0.51,-0.39,1
-0.51,-0.77,1
-0.32,0.3,1
0.5,-0.78,1
-0.12,0.6,-1
-0.8,1,-1
-0.37,-0.56,1
0.05,0.01,1
-0.97,-0.73,-1
0.66,-0.71,-1
0.94,0.93,1
0.41,-0.38,1
-0.82,-0.93,-1
0.87,0.42,-1
-0.14,0.71,-1
0.69,0.07,1
-0.36,-0.69,1
-0.93,0.79,1
-0.04,0.51,-1
0.73,0.71,1
0.09,0,1
-0.51,0.3,1
0.45,0.33,1
0.92,0.86,-1
0.7,-0.75,-1
0.92,-0.83,-1
-0.99,0.28,-1
0.39,-0.89,-1
0.27,-0.6,1
0.99,-0.04,1
0.67,-0.79,1
0.71,0.41,-1
0.79,0.22,1
-0.05,0.9,1
0.21,-0.1,1
-0.49,-0.88,-1
0.04,0.22,1
0.86,-0.07,1
0.41,-0.28,-1
-0.78,-0.48,1
-0.97,-0.44,-1
0.7,-0.78,1
0.57,0.31,-1
0.46,-0.21,1
0.56,-0.74,1
-0.56,0.4,-1
-0.89,-0.82,1
0.41,0.5,-1
0.5,-0.25,-1
-0.42,0.91,1
-0.97,0.31,-1
0.61,-0.17,-1
-0.07,0.77,-1
-0.2,-0.08,-1
0.99,0.17,-1
0.78,0.45,1
-0.54,0.94,1
-0.06,0.43,1
0.87,-0.14,1
-0.03,0.19,1
0.88,0.79,1
-0.39,0.11,1
0.52,0.98,-1
-0.42,-0.87,1
